﻿{"cameraMode":{"drawMode":0,"name":"Shaded","section":"Shading Mode"},"sceneLighting":true,"audioPlay":false,"sceneViewState":{"showFog":true,"showMaterialUpdate":false,"showSkybox":true,"showFlares":true,"showImageEffects":true,"showParticleSystems":true},"in2DMode":false,"pivot":{"x":-1.133904218673706,"y":9.347980499267579,"z":-2.655275583267212},"rotation":{"x":-0.264161080121994,"y":0.25844839215278628,"z":-0.07370201498270035,"w":-0.926278293132782},"size":5.273659706115723,"orthographic":false}