﻿{"cameraMode":{"drawMode":0,"name":"Shaded","section":"Shading Mode"},"sceneLighting":false,"audioPlay":false,"sceneViewState":{"showFog":true,"showMaterialUpdate":false,"showSkybox":true,"showFlares":true,"showImageEffects":true,"showParticleSystems":true},"in2DMode":false,"pivot":{"x":-1.0248239040374756,"y":5.238391399383545,"z":1.1462090015411378},"rotation":{"x":-0.11587650328874588,"y":-0.7702864408493042,"z":0.14638304710388184,"w":-0.6097568869590759},"size":3.278529644012451,"orthographic":false}